{
  "preprocess": [
    5.038200004491955
  ],
  "detect": [
    4112.6231999951415
  ],
  "classify": [
    224.43150001345202
  ],
  "total": [
    4365.659200004302
  ],
  "video_progress": {}
}